loan_id,customer_id,loan_type,loan_amount,interest_rate,tenure_year,loan_status
1.0,1976.0,Education,418655.0,12.0,6.0,Active
2.0,1729.0,Vehicle,,14.0,2.0,Active
3.0,,Vehicle,4514301.0,15.0,1.0,Defaulted
4.0,1472.0,Education,3290085.0,11.0,4.0,Defaulted
5.0,2317.0,Home,3227157.0,14.0,4.0,Paid
6.0,2829.0,Personal,3873639.0,5.0,11.0,Paid
7.0,2230.0,Home,,7.0,5.0,Defaulted
8.0,2690.0,Education,1481265.0,9.0,3.0,Defaulted
9.0,,Home,1238361.0,5.0,2.0,Paid
10.0,1107.0,Vehicle,4505984.0,6.0,4.0,Paid
,2326.0,Vehicle,4160429.0,9.0,1.0,Paid
12.0,2019.0,,717866.0,9.0,5.0,Paid
13.0,1358.0,Vehicle,1113182.0,13.0,1.0,Active
,1876.0,Personal,4198499.0,15.0,7.0,Defaulted
15.0,2626.0,Home,1495506.0,9.0,16.0,Paid
16.0,1472.0,Personal,4454013.0,10.0,4.0,Active
17.0,1150.0,Vehicle,3195765.0,10.0,1.0,Defaulted
18.0,1219.0,Personal,1819336.0,9.0,19.0,Paid
19.0,2527.0,Personal,2371527.0,8.0,6.0,Paid
20.0,2533.0,Personal,2168009.0,9.0,8.0,
21.0,2203.0,Home,2212231.0,10.0,,Defaulted
,1117.0,Home,4408584.0,9.0,15.0,Defaulted
23.0,2897.0,Personal,482585.0,10.0,12.0,Paid
24.0,1029.0,Vehicle,3351135.0,8.0,3.0,Paid
25.0,2497.0,Vehicle,992556.0,12.0,5.0,Defaulted
26.0,2370.0,Personal,,10.0,4.0,Paid
27.0,1787.0,Education,1281281.0,14.0,3.0,Defaulted
28.0,2104.0,Home,4409903.0,6.0,6.0,Defaulted
29.0,2186.0,Home,4741317.0,11.0,8.0,Paid
,1576.0,Vehicle,673238.0,11.0,4.0,Paid
31.0,1851.0,Education,,10.0,1.0,Defaulted
,1273.0,Education,,6.0,8.0,Paid
33.0,2103.0,Vehicle,1392356.0,5.0,3.0,Active
34.0,1840.0,Education,3926590.0,7.0,9.0,Active
35.0,,Education,2712082.0,,,Paid
36.0,1527.0,Personal,880863.0,15.0,14.0,Paid
,1689.0,Personal,1269667.0,6.0,12.0,Active
38.0,1650.0,Vehicle,358384.0,8.0,1.0,Defaulted
39.0,2940.0,Education,3305595.0,6.0,8.0,Paid
40.0,2805.0,Personal,90022.0,15.0,1.0,Active
41.0,1248.0,Personal,4856580.0,13.0,19.0,Active
,2578.0,Vehicle,3598832.0,15.0,5.0,Active
43.0,2247.0,Education,4615620.0,10.0,2.0,Active
44.0,2182.0,Vehicle,3711760.0,,2.0,Paid
45.0,1621.0,Vehicle,2034728.0,,5.0,Defaulted
46.0,1337.0,Personal,3084447.0,8.0,12.0,Active
47.0,2857.0,Education,,8.0,4.0,Defaulted
48.0,2684.0,Vehicle,362359.0,15.0,3.0,Defaulted
49.0,,Personal,3170987.0,12.0,15.0,Paid
50.0,1585.0,Education,3929232.0,10.0,10.0,Defaulted
51.0,2431.0,Vehicle,1211084.0,7.0,4.0,Defaulted
52.0,1482.0,Education,440554.0,5.0,,Paid
53.0,2403.0,Home,1952168.0,14.0,8.0,Defaulted
54.0,1463.0,Education,1910516.0,11.0,,
55.0,1414.0,Education,,14.0,5.0,Active
56.0,1140.0,Personal,748978.0,7.0,7.0,Active
57.0,2900.0,Personal,2137664.0,15.0,9.0,Paid
58.0,1541.0,Education,,6.0,2.0,Defaulted
59.0,1195.0,Home,422194.0,12.0,2.0,Paid
60.0,1783.0,Education,2699654.0,6.0,6.0,Paid
61.0,2832.0,Vehicle,3168009.0,10.0,5.0,Active
62.0,2976.0,Vehicle,,,2.0,Paid
63.0,2721.0,Education,3535024.0,14.0,8.0,Paid
64.0,1674.0,Home,,13.0,14.0,Paid
65.0,1660.0,Vehicle,3760388.0,9.0,2.0,Paid
66.0,2904.0,Education,,7.0,6.0,Active
67.0,1960.0,Education,1204942.0,9.0,5.0,Defaulted
68.0,2260.0,Personal,2383173.0,7.0,17.0,Paid
69.0,1899.0,Education,4763210.0,10.0,2.0,Defaulted
70.0,1634.0,Home,1320928.0,13.0,4.0,Active
71.0,2602.0,Home,4655653.0,12.0,1.0,Defaulted
72.0,2464.0,Education,3424781.0,,,Paid
73.0,2301.0,Vehicle,2206553.0,15.0,,Paid
74.0,2147.0,Home,3295461.0,10.0,20.0,Defaulted
75.0,,Personal,1953137.0,9.0,13.0,Defaulted
76.0,2259.0,Personal,,12.0,6.0,Active
77.0,,Home,2318631.0,10.0,2.0,Defaulted
78.0,1480.0,Personal,1680562.0,8.0,10.0,Paid
79.0,2547.0,Home,1979007.0,11.0,17.0,Defaulted
80.0,1962.0,Vehicle,3103870.0,7.0,1.0,Active
81.0,,Personal,,8.0,2.0,Defaulted
82.0,2731.0,Education,2635948.0,6.0,7.0,Defaulted
83.0,2505.0,Home,2173573.0,9.0,11.0,Defaulted
84.0,,Education,,15.0,8.0,Paid
85.0,1613.0,Home,483894.0,6.0,12.0,Defaulted
86.0,1229.0,Home,1472813.0,6.0,11.0,Defaulted
87.0,,Education,3790959.0,5.0,2.0,Defaulted
88.0,2612.0,Education,,5.0,,Active
89.0,1601.0,Vehicle,4048246.0,13.0,3.0,Defaulted
90.0,1992.0,Education,1308722.0,11.0,7.0,Defaulted
91.0,1656.0,Education,1767224.0,5.0,5.0,Paid
92.0,2302.0,,194492.0,15.0,5.0,Active
93.0,2307.0,Education,2176647.0,6.0,7.0,Paid
94.0,2907.0,Personal,4987598.0,15.0,15.0,
95.0,2752.0,Personal,3384740.0,12.0,4.0,Active
96.0,2618.0,Vehicle,,11.0,1.0,Paid
97.0,,,4019149.0,9.0,6.0,Active
98.0,2094.0,,2949741.0,6.0,,Defaulted
99.0,2216.0,Education,392589.0,,8.0,Paid
100.0,1577.0,Home,779304.0,13.0,3.0,Active
101.0,2641.0,Personal,960347.0,15.0,6.0,Defaulted
102.0,1793.0,Vehicle,3189115.0,8.0,4.0,Active
103.0,,Home,2958316.0,15.0,20.0,Defaulted
104.0,1679.0,Education,2471797.0,5.0,4.0,Defaulted
105.0,1067.0,Home,2645602.0,7.0,16.0,Paid
106.0,1959.0,Education,942018.0,13.0,2.0,Defaulted
107.0,1627.0,Education,,7.0,4.0,Paid
108.0,1192.0,Personal,3102511.0,7.0,15.0,Defaulted
,2427.0,Vehicle,377327.0,13.0,2.0,Defaulted
110.0,2582.0,Home,3709993.0,11.0,19.0,
111.0,2574.0,Education,2448127.0,11.0,5.0,Defaulted
112.0,2243.0,Home,3049776.0,6.0,3.0,Paid
113.0,1404.0,Vehicle,4981076.0,13.0,2.0,Active
114.0,1479.0,Personal,1185427.0,6.0,7.0,Active
115.0,2411.0,Personal,2210920.0,7.0,19.0,Active
116.0,1551.0,Vehicle,520342.0,7.0,1.0,Paid
117.0,2849.0,Education,4836427.0,12.0,8.0,Defaulted
118.0,2693.0,Vehicle,3334226.0,13.0,2.0,Paid
119.0,1989.0,Home,4819817.0,9.0,14.0,Paid
120.0,1060.0,Vehicle,110231.0,9.0,1.0,Active
121.0,2152.0,Vehicle,126421.0,14.0,4.0,Active
122.0,1452.0,Personal,,8.0,18.0,Active
,1067.0,Personal,851608.0,7.0,11.0,Defaulted
124.0,2879.0,Vehicle,1133432.0,7.0,3.0,Defaulted
125.0,1478.0,Vehicle,2616250.0,10.0,1.0,Active
126.0,,Vehicle,263845.0,7.0,,Defaulted
127.0,1266.0,Home,1190143.0,6.0,6.0,Active
,,Vehicle,1153467.0,12.0,4.0,Active
129.0,2796.0,Education,1164436.0,6.0,1.0,Paid
130.0,1642.0,Personal,3725140.0,15.0,11.0,Paid
131.0,2834.0,Home,,11.0,3.0,Active
132.0,1978.0,Vehicle,3316008.0,5.0,3.0,Defaulted
133.0,2359.0,Education,2021702.0,13.0,8.0,Defaulted
134.0,1492.0,Education,1837646.0,12.0,7.0,Paid
135.0,2448.0,Vehicle,4007119.0,12.0,5.0,Paid
136.0,2857.0,Personal,707612.0,8.0,2.0,Defaulted
137.0,2317.0,Vehicle,1040365.0,8.0,5.0,
138.0,1529.0,Home,998743.0,15.0,8.0,Defaulted
139.0,1284.0,Personal,521267.0,11.0,2.0,Active
140.0,2374.0,Education,3552240.0,12.0,10.0,Paid
141.0,,Home,1903710.0,12.0,11.0,Active
142.0,1106.0,Vehicle,,12.0,3.0,Active
143.0,1760.0,Personal,1747092.0,8.0,5.0,Active
144.0,2068.0,Vehicle,3402725.0,15.0,4.0,
145.0,2427.0,Education,2744075.0,,7.0,Active
,1784.0,Personal,,5.0,14.0,Paid
,1718.0,Personal,4733807.0,5.0,20.0,Active
148.0,2557.0,,,14.0,3.0,Defaulted
149.0,2834.0,Education,,13.0,5.0,
150.0,1452.0,Personal,4717174.0,5.0,7.0,Paid
151.0,1934.0,Vehicle,,7.0,5.0,
152.0,2496.0,Home,2858031.0,10.0,20.0,
153.0,2461.0,Vehicle,,10.0,3.0,
154.0,1556.0,Education,1450487.0,9.0,6.0,Paid
155.0,,Education,3819735.0,13.0,9.0,
156.0,1140.0,Vehicle,1604041.0,14.0,3.0,
157.0,1947.0,Personal,1650479.0,,,Defaulted
158.0,1796.0,Personal,4993688.0,7.0,9.0,Paid
159.0,1308.0,Vehicle,1518725.0,9.0,1.0,Active
160.0,1954.0,Vehicle,1330111.0,5.0,2.0,Defaulted
,1081.0,,450059.0,12.0,9.0,Active
162.0,1194.0,Home,1953867.0,8.0,10.0,Defaulted
163.0,,Education,2794119.0,,7.0,Paid
164.0,2267.0,Personal,3712937.0,13.0,,Active
165.0,,Education,3016562.0,,4.0,Paid
166.0,2188.0,Vehicle,959625.0,5.0,2.0,
167.0,1377.0,Personal,1642294.0,9.0,5.0,Active
168.0,2027.0,Education,969117.0,12.0,6.0,Defaulted
169.0,2368.0,Home,4622346.0,13.0,10.0,Defaulted
170.0,2675.0,Personal,4388039.0,8.0,15.0,Defaulted
171.0,2045.0,Home,239095.0,,12.0,Active
,,Education,1234699.0,9.0,6.0,Paid
173.0,1169.0,Personal,2493207.0,15.0,3.0,Paid
174.0,1384.0,Education,2146976.0,5.0,2.0,Paid
175.0,2220.0,Vehicle,4990041.0,9.0,2.0,Paid
176.0,2363.0,Home,2341723.0,14.0,20.0,Active
177.0,2428.0,Education,2811348.0,11.0,1.0,Paid
178.0,2185.0,Education,3943961.0,10.0,4.0,Paid
179.0,2491.0,Education,1031253.0,10.0,2.0,Paid
180.0,1574.0,Vehicle,2159509.0,8.0,5.0,Active
181.0,2743.0,Personal,4731256.0,,14.0,Paid
182.0,,Personal,3052338.0,11.0,16.0,Paid
183.0,1215.0,Education,2855125.0,8.0,1.0,Paid
184.0,2210.0,Education,1648932.0,9.0,8.0,Paid
185.0,1482.0,Education,,12.0,3.0,Defaulted
186.0,1674.0,Education,3419814.0,7.0,6.0,Paid
187.0,1337.0,Education,,6.0,8.0,Defaulted
188.0,2102.0,Vehicle,2511705.0,8.0,2.0,Active
189.0,,Home,1452380.0,13.0,5.0,Active
190.0,2330.0,Personal,470069.0,14.0,2.0,Defaulted
191.0,2914.0,Home,3068144.0,12.0,20.0,Defaulted
192.0,,Home,4621585.0,10.0,2.0,
193.0,1141.0,Personal,562175.0,14.0,19.0,Paid
194.0,1856.0,Education,3365044.0,15.0,7.0,Active
195.0,1701.0,Personal,628457.0,15.0,19.0,Paid
196.0,1178.0,Personal,605421.0,8.0,12.0,Paid
197.0,2956.0,,1244881.0,15.0,15.0,Active
198.0,1811.0,Home,3231330.0,11.0,20.0,Paid
199.0,2815.0,Personal,4100769.0,10.0,14.0,Paid
200.0,,,1379965.0,,8.0,Active
201.0,2595.0,Vehicle,3647568.0,15.0,3.0,Defaulted
202.0,2628.0,Vehicle,2209686.0,11.0,5.0,Active
203.0,1478.0,Home,2249651.0,14.0,,
204.0,,Home,3642499.0,11.0,4.0,Paid
205.0,,Home,1534890.0,6.0,19.0,Defaulted
,1710.0,Vehicle,3012500.0,5.0,5.0,Paid
207.0,1373.0,,2140856.0,10.0,4.0,Defaulted
208.0,2628.0,Vehicle,2056262.0,6.0,3.0,
209.0,2219.0,Vehicle,3253028.0,8.0,5.0,Active
210.0,1678.0,Personal,4748463.0,13.0,4.0,Defaulted
211.0,2619.0,Vehicle,3269561.0,,3.0,
,2054.0,Personal,2545267.0,5.0,6.0,
213.0,1631.0,Personal,4845895.0,13.0,15.0,Defaulted
214.0,1397.0,Home,549769.0,7.0,13.0,Defaulted
215.0,,,1892778.0,6.0,11.0,Paid
216.0,1511.0,Education,,6.0,9.0,Active
,2856.0,Education,,14.0,10.0,Defaulted
218.0,2323.0,Personal,1277852.0,13.0,,Paid
219.0,1774.0,Home,3945855.0,13.0,10.0,Defaulted
220.0,,Vehicle,1827035.0,15.0,4.0,Defaulted
221.0,1934.0,Home,3153999.0,6.0,14.0,Paid
222.0,1058.0,,67089.0,14.0,4.0,Paid
223.0,1234.0,Vehicle,1695113.0,15.0,4.0,Active
224.0,,Home,3710328.0,6.0,18.0,Defaulted
225.0,,Personal,1251463.0,13.0,10.0,Defaulted
226.0,2068.0,Personal,2462980.0,6.0,2.0,Paid
227.0,1062.0,Personal,,7.0,16.0,Paid
228.0,2262.0,Home,3687252.0,12.0,17.0,Paid
229.0,2724.0,Vehicle,4145867.0,11.0,5.0,Active
230.0,1868.0,,3963468.0,7.0,8.0,Active
231.0,1290.0,Education,561911.0,10.0,6.0,Defaulted
232.0,2140.0,Education,4791411.0,8.0,7.0,Active
,2894.0,Vehicle,2873889.0,,3.0,
234.0,2037.0,Education,3309575.0,8.0,1.0,Paid
235.0,2439.0,Vehicle,1380679.0,6.0,5.0,Paid
236.0,1104.0,Education,2655999.0,9.0,6.0,Paid
237.0,1027.0,Personal,1791879.0,13.0,10.0,Paid
238.0,2497.0,Home,609823.0,10.0,10.0,Active
239.0,1683.0,Vehicle,1174460.0,11.0,3.0,Defaulted
240.0,2362.0,Personal,4747711.0,12.0,16.0,Paid
241.0,1620.0,Home,1328910.0,11.0,20.0,Paid
242.0,1381.0,Home,107364.0,5.0,12.0,
243.0,1292.0,Personal,514433.0,8.0,,Active
244.0,1953.0,Home,2354497.0,5.0,11.0,Active
245.0,,Education,935460.0,14.0,1.0,Paid
,2037.0,Personal,829591.0,,17.0,Paid
247.0,2503.0,Personal,3889420.0,5.0,11.0,Active
248.0,1308.0,Vehicle,4320545.0,12.0,5.0,Defaulted
249.0,,Home,3407396.0,5.0,,Paid
250.0,2005.0,Personal,85668.0,9.0,11.0,Defaulted
251.0,,Home,4981953.0,9.0,2.0,Active
252.0,1571.0,Education,1630218.0,14.0,6.0,Paid
253.0,,,3596774.0,12.0,1.0,Active
254.0,1133.0,Vehicle,2920277.0,11.0,,Defaulted
255.0,1212.0,Vehicle,868744.0,15.0,1.0,Active
256.0,,,4546460.0,8.0,2.0,Defaulted
257.0,2372.0,Vehicle,,12.0,2.0,Defaulted
258.0,2855.0,Vehicle,174461.0,11.0,2.0,
259.0,2011.0,Education,,12.0,2.0,Paid
260.0,1658.0,Vehicle,4696180.0,9.0,2.0,Paid
261.0,2703.0,Home,4171314.0,13.0,19.0,Defaulted
262.0,1525.0,Vehicle,3925653.0,13.0,,Paid
263.0,2403.0,Personal,4169827.0,6.0,8.0,Defaulted
264.0,1759.0,Personal,3362591.0,11.0,4.0,Paid
265.0,2896.0,Vehicle,2485139.0,13.0,5.0,Paid
266.0,1766.0,Home,549588.0,8.0,7.0,Defaulted
267.0,,Education,671528.0,10.0,2.0,Defaulted
268.0,1344.0,,4129206.0,12.0,1.0,Paid
269.0,2584.0,Education,485686.0,14.0,3.0,Active
270.0,1943.0,,3587318.0,10.0,10.0,Paid
271.0,2401.0,Education,3702406.0,,5.0,Active
272.0,1115.0,Home,4365557.0,7.0,5.0,Defaulted
273.0,1255.0,Vehicle,546678.0,13.0,,Defaulted
274.0,,Home,963181.0,5.0,,Paid
,2482.0,Vehicle,3807943.0,12.0,3.0,Paid
,1162.0,Personal,3650181.0,11.0,14.0,Paid
277.0,1760.0,Education,1746701.0,8.0,5.0,Defaulted
278.0,2373.0,Home,2458562.0,12.0,4.0,Defaulted
279.0,2433.0,Education,766195.0,5.0,2.0,Paid
280.0,2780.0,Personal,4047595.0,,12.0,Active
281.0,1216.0,Education,2294538.0,12.0,5.0,Defaulted
282.0,1900.0,Vehicle,4142402.0,13.0,2.0,Paid
283.0,2381.0,Vehicle,3508896.0,6.0,1.0,Defaulted
284.0,1706.0,Vehicle,464580.0,,3.0,Defaulted
285.0,2615.0,Personal,2923046.0,9.0,14.0,Defaulted
286.0,2014.0,Vehicle,,13.0,5.0,
287.0,2149.0,Home,1664665.0,6.0,18.0,Defaulted
288.0,2034.0,Education,1274653.0,12.0,2.0,Defaulted
,1239.0,,1974196.0,15.0,3.0,Active
290.0,2831.0,Personal,3671801.0,10.0,18.0,Active
291.0,2402.0,Home,2299533.0,7.0,4.0,Defaulted
292.0,2522.0,Education,3163242.0,5.0,8.0,Defaulted
293.0,2668.0,Home,265385.0,15.0,8.0,Paid
294.0,1310.0,Home,1572867.0,5.0,16.0,Paid
295.0,2877.0,Vehicle,3348291.0,9.0,3.0,Defaulted
296.0,2968.0,Home,798047.0,11.0,9.0,
297.0,1503.0,Education,540242.0,,5.0,
298.0,2268.0,Education,4825825.0,5.0,6.0,Paid
,2704.0,Personal,2029686.0,13.0,10.0,Defaulted
300.0,2752.0,,1973801.0,11.0,,Defaulted
301.0,,Home,4977796.0,7.0,2.0,Paid
302.0,1731.0,Education,1041332.0,8.0,1.0,Paid
303.0,1566.0,Personal,2497440.0,11.0,16.0,Active
304.0,2588.0,Education,,9.0,5.0,Defaulted
305.0,2237.0,Personal,1137857.0,14.0,10.0,Paid
306.0,1332.0,Personal,2334037.0,5.0,14.0,Paid
,2667.0,Home,3195710.0,13.0,13.0,
308.0,2628.0,Education,1184011.0,,2.0,Defaulted
309.0,2190.0,Personal,412008.0,12.0,11.0,Active
,1736.0,Education,3880043.0,6.0,2.0,Defaulted
311.0,1594.0,Education,648603.0,9.0,2.0,
,2526.0,Home,2684675.0,11.0,,Defaulted
313.0,1332.0,Education,325940.0,15.0,9.0,Paid
314.0,1253.0,Education,4933255.0,15.0,4.0,Paid
315.0,,Education,461306.0,9.0,6.0,Paid
,1018.0,Education,3107922.0,11.0,10.0,Active
317.0,2999.0,Personal,3322246.0,5.0,2.0,Defaulted
318.0,1745.0,Personal,,12.0,7.0,Active
319.0,1749.0,Personal,2260722.0,14.0,6.0,Active
,1213.0,Vehicle,1736771.0,5.0,2.0,Active
,1046.0,Personal,2793062.0,10.0,11.0,Defaulted
322.0,1309.0,,,11.0,12.0,Paid
323.0,1710.0,Home,2474262.0,8.0,13.0,Active
324.0,2225.0,Personal,3722456.0,9.0,12.0,Active
325.0,1337.0,Vehicle,2185653.0,8.0,3.0,Active
326.0,2418.0,Education,3666219.0,12.0,6.0,Paid
327.0,1148.0,Education,2993474.0,10.0,10.0,
328.0,2638.0,Home,2314526.0,15.0,6.0,Paid
329.0,1749.0,Vehicle,3896626.0,10.0,2.0,Active
330.0,1055.0,Home,,7.0,,Defaulted
331.0,2979.0,Home,,8.0,17.0,Defaulted
332.0,2060.0,Home,4350268.0,11.0,3.0,Paid
333.0,1316.0,Personal,3466650.0,5.0,4.0,Defaulted
334.0,2078.0,Vehicle,624199.0,12.0,,Defaulted
335.0,1859.0,Personal,4440680.0,7.0,2.0,Active
336.0,2389.0,,2008254.0,9.0,1.0,Paid
337.0,2428.0,Vehicle,,,3.0,Defaulted
338.0,1422.0,Home,1146341.0,5.0,4.0,Paid
,2014.0,Education,648701.0,11.0,6.0,Active
340.0,1885.0,Vehicle,,6.0,5.0,Paid
341.0,1868.0,Education,,8.0,2.0,Paid
342.0,2183.0,Vehicle,4312316.0,8.0,1.0,Active
343.0,2423.0,Personal,,9.0,20.0,Paid
344.0,2964.0,Vehicle,2788266.0,5.0,4.0,Paid
345.0,,Education,4305347.0,8.0,,Defaulted
346.0,1596.0,Education,3772281.0,15.0,5.0,Active
347.0,1590.0,Vehicle,3875212.0,9.0,1.0,Paid
348.0,1746.0,Personal,786556.0,13.0,,Paid
349.0,1187.0,Home,2778809.0,6.0,11.0,Defaulted
350.0,1457.0,Home,4753013.0,14.0,7.0,Active
351.0,2684.0,Vehicle,379220.0,8.0,2.0,Paid
,1457.0,Vehicle,2956396.0,8.0,,Defaulted
,1419.0,Personal,1301896.0,7.0,3.0,Active
354.0,1595.0,Personal,2632689.0,6.0,5.0,Active
355.0,2900.0,Education,,9.0,1.0,
356.0,1061.0,Home,3304558.0,13.0,15.0,Paid
357.0,1847.0,Home,2298748.0,9.0,20.0,Paid
358.0,2868.0,Personal,3695978.0,5.0,18.0,Defaulted
359.0,1462.0,,358420.0,8.0,,Paid
360.0,2931.0,Vehicle,140700.0,13.0,,Paid
361.0,2400.0,Home,3386952.0,9.0,12.0,Active
362.0,1996.0,Home,3841672.0,8.0,15.0,Defaulted
363.0,1255.0,Home,682639.0,7.0,13.0,Active
364.0,2425.0,Vehicle,4953418.0,10.0,5.0,Defaulted
,1367.0,Home,3534948.0,14.0,8.0,Paid
366.0,2091.0,Vehicle,3662938.0,10.0,3.0,Defaulted
367.0,2871.0,Home,3637849.0,14.0,,Defaulted
368.0,2530.0,Personal,3495692.0,15.0,18.0,Paid
369.0,1700.0,Vehicle,1523890.0,6.0,1.0,Defaulted
,2807.0,Vehicle,963927.0,7.0,4.0,Active
371.0,1199.0,Vehicle,2686427.0,6.0,2.0,Active
372.0,1671.0,Vehicle,3080929.0,15.0,5.0,Defaulted
373.0,2528.0,Home,1221505.0,8.0,14.0,Defaulted
374.0,2634.0,Education,3928824.0,10.0,4.0,Active
375.0,2967.0,Personal,2978429.0,6.0,13.0,Defaulted
,2243.0,Home,679167.0,15.0,13.0,Defaulted
377.0,2416.0,Vehicle,4187048.0,8.0,,Defaulted
378.0,1603.0,Education,2316956.0,6.0,1.0,Defaulted
379.0,2472.0,Education,3008084.0,10.0,4.0,Paid
,2088.0,Home,,,15.0,Defaulted
,2386.0,Personal,4519257.0,7.0,4.0,Active
382.0,2950.0,Personal,2874512.0,7.0,17.0,Active
383.0,2758.0,Vehicle,457786.0,8.0,,Active
384.0,2684.0,Education,2783108.0,15.0,1.0,Active
385.0,1234.0,Home,3450652.0,8.0,4.0,Paid
,1203.0,Education,2358207.0,11.0,6.0,Paid
387.0,1115.0,Education,3776338.0,,4.0,Active
388.0,2842.0,Personal,3308429.0,9.0,7.0,Paid
389.0,1209.0,Home,4283560.0,,15.0,Active
390.0,1137.0,Home,4142694.0,12.0,4.0,
391.0,2104.0,Education,2139096.0,5.0,4.0,Defaulted
392.0,2916.0,Personal,4234022.0,7.0,9.0,Active
393.0,,Home,2397696.0,12.0,3.0,
394.0,1755.0,Education,2677568.0,,3.0,Active
395.0,2401.0,Education,4369492.0,6.0,6.0,Defaulted
,2278.0,Personal,3794755.0,11.0,20.0,Paid
397.0,1055.0,Vehicle,,15.0,,Defaulted
398.0,1536.0,Vehicle,1114224.0,10.0,,Active
399.0,1884.0,Personal,2812673.0,6.0,16.0,Active
400.0,2971.0,Home,,15.0,1.0,Paid
401.0,,Vehicle,4097408.0,15.0,4.0,Paid
402.0,,Home,2346568.0,,13.0,Paid
,2573.0,Personal,4161986.0,,15.0,
404.0,2259.0,Home,3642459.0,5.0,14.0,Active
405.0,1370.0,Education,836618.0,12.0,10.0,Paid
406.0,2973.0,Personal,1674849.0,14.0,17.0,Paid
,1047.0,Home,458240.0,11.0,7.0,Active
408.0,1092.0,Personal,3833597.0,8.0,13.0,Defaulted
409.0,1349.0,Education,1267484.0,7.0,8.0,Defaulted
410.0,2181.0,Vehicle,485675.0,5.0,4.0,Defaulted
411.0,2313.0,Vehicle,2519931.0,5.0,3.0,Active
412.0,1411.0,Personal,3024102.0,13.0,7.0,Defaulted
413.0,2262.0,Vehicle,4561717.0,7.0,1.0,Defaulted
414.0,1959.0,Vehicle,3228592.0,6.0,1.0,
415.0,2423.0,Vehicle,656290.0,8.0,5.0,Active
416.0,2321.0,Home,2916854.0,15.0,17.0,Paid
417.0,1845.0,,3108475.0,8.0,12.0,Paid
418.0,1757.0,Personal,1269867.0,,15.0,Active
419.0,1853.0,Home,1137210.0,5.0,18.0,Defaulted
420.0,,Home,4594570.0,13.0,5.0,Defaulted
421.0,1209.0,Home,3108979.0,14.0,9.0,Active
422.0,2491.0,Vehicle,3532223.0,15.0,1.0,Paid
423.0,1997.0,Education,,5.0,6.0,Defaulted
424.0,2773.0,Personal,711033.0,6.0,8.0,Paid
425.0,1323.0,Personal,3689280.0,14.0,19.0,Paid
426.0,2554.0,Vehicle,3112144.0,8.0,5.0,Paid
427.0,2834.0,,2798491.0,6.0,9.0,Defaulted
428.0,1051.0,Home,2511704.0,8.0,15.0,Active
429.0,2025.0,Home,497242.0,14.0,5.0,Defaulted
430.0,1716.0,Home,1840822.0,7.0,11.0,Active
431.0,1716.0,Personal,3207453.0,13.0,9.0,Active
432.0,1665.0,Home,1970281.0,14.0,16.0,Active
433.0,2444.0,Personal,2922817.0,7.0,10.0,
434.0,1764.0,Personal,2249312.0,10.0,6.0,Active
435.0,1561.0,Home,234576.0,7.0,,
436.0,,Education,427712.0,12.0,9.0,Paid
,1274.0,Education,4103354.0,11.0,9.0,Active
,1973.0,Personal,3736377.0,7.0,15.0,Paid
439.0,1260.0,Education,838932.0,10.0,10.0,Paid
440.0,1481.0,Personal,3496995.0,12.0,1.0,
441.0,,Education,3819869.0,13.0,1.0,Paid
442.0,,Personal,2363836.0,14.0,5.0,Paid
443.0,2121.0,Personal,1316942.0,10.0,,Defaulted
444.0,2345.0,Home,2706859.0,10.0,13.0,Active
445.0,2651.0,Vehicle,1211185.0,13.0,4.0,Active
446.0,1440.0,Vehicle,1056323.0,8.0,3.0,Defaulted
447.0,1117.0,Vehicle,3779763.0,8.0,2.0,Active
448.0,2780.0,Education,2679495.0,15.0,10.0,Defaulted
449.0,2256.0,Personal,3839713.0,11.0,16.0,Defaulted
450.0,1565.0,Home,2115054.0,15.0,20.0,Active
451.0,2845.0,Home,1576636.0,15.0,7.0,Active
452.0,1539.0,Home,2623137.0,10.0,14.0,Paid
453.0,1699.0,,2756069.0,5.0,14.0,Active
454.0,2206.0,Personal,4830364.0,14.0,18.0,Paid
455.0,,Education,4456976.0,9.0,,Active
456.0,2891.0,Personal,4410435.0,6.0,3.0,Paid
457.0,2755.0,Education,1889885.0,,10.0,Paid
458.0,1796.0,Education,4963716.0,15.0,10.0,Defaulted
459.0,1035.0,,4347995.0,15.0,10.0,Paid
460.0,2730.0,Education,,14.0,2.0,Paid
461.0,1618.0,Vehicle,4590290.0,5.0,2.0,Paid
462.0,,Personal,892713.0,6.0,13.0,Defaulted
463.0,1187.0,Education,3636275.0,6.0,5.0,Defaulted
464.0,2557.0,Education,,5.0,6.0,Active
465.0,1364.0,Home,63617.0,6.0,16.0,Paid
466.0,1339.0,Education,2930761.0,12.0,5.0,Paid
467.0,1654.0,,3826397.0,6.0,8.0,Defaulted
468.0,1168.0,Personal,2103796.0,5.0,6.0,Defaulted
469.0,1774.0,Education,4234886.0,6.0,6.0,Defaulted
470.0,1279.0,Education,892283.0,11.0,3.0,Paid
471.0,2516.0,Education,3155311.0,8.0,7.0,Paid
472.0,2821.0,Education,964526.0,,2.0,Paid
473.0,1890.0,Home,4345663.0,12.0,16.0,Paid
474.0,,Vehicle,4764595.0,12.0,3.0,Active
475.0,1987.0,Education,2445850.0,6.0,,Defaulted
476.0,2710.0,Personal,838295.0,9.0,10.0,Paid
,1379.0,,2823752.0,13.0,2.0,Paid
478.0,1559.0,Home,2492178.0,7.0,6.0,Paid
,1265.0,Education,447727.0,11.0,7.0,Paid
480.0,1580.0,Home,990949.0,5.0,17.0,Defaulted
481.0,1910.0,Personal,3827382.0,6.0,9.0,Paid
482.0,2723.0,Vehicle,,10.0,4.0,Active
483.0,,Education,3930503.0,12.0,2.0,Defaulted
484.0,1447.0,Education,623290.0,9.0,2.0,Defaulted
485.0,1783.0,Home,58498.0,14.0,3.0,Defaulted
486.0,1303.0,Vehicle,4779583.0,5.0,1.0,Defaulted
487.0,1329.0,Vehicle,1545574.0,13.0,,Paid
488.0,1870.0,Personal,,14.0,12.0,Active
489.0,,Vehicle,3693893.0,6.0,2.0,Paid
,2256.0,Home,,8.0,10.0,Active
491.0,,Personal,2761536.0,13.0,,Active
492.0,2804.0,Home,3851802.0,10.0,19.0,Active
493.0,2420.0,Home,3132152.0,7.0,7.0,Paid
,2292.0,Vehicle,73219.0,9.0,3.0,
495.0,2010.0,Education,192686.0,7.0,5.0,Active
,,Vehicle,,14.0,1.0,Paid
497.0,2400.0,Personal,1068893.0,13.0,15.0,Active
498.0,1181.0,Personal,3340403.0,9.0,8.0,Defaulted
499.0,2464.0,Personal,1633642.0,14.0,,Defaulted
500.0,1254.0,Personal,330098.0,11.0,1.0,
501.0,1226.0,Vehicle,3393623.0,8.0,3.0,Active
502.0,2282.0,Personal,3889647.0,12.0,14.0,Defaulted
503.0,2712.0,Vehicle,1841363.0,13.0,5.0,Defaulted
504.0,1274.0,Personal,3640612.0,8.0,18.0,
505.0,2102.0,Education,4789155.0,14.0,1.0,Active
,1944.0,Personal,987845.0,14.0,6.0,Active
507.0,1663.0,Education,215757.0,14.0,3.0,Paid
,1774.0,Personal,1029090.0,8.0,17.0,Active
509.0,2182.0,Home,2051756.0,12.0,3.0,Defaulted
510.0,2258.0,Education,1904790.0,14.0,6.0,Paid
,1618.0,Personal,445685.0,,14.0,Paid
512.0,2854.0,Education,661585.0,12.0,8.0,
,1326.0,Personal,1823378.0,5.0,16.0,Defaulted
514.0,1035.0,Vehicle,386960.0,15.0,4.0,Active
515.0,2803.0,Personal,4406331.0,11.0,8.0,Defaulted
516.0,1829.0,Vehicle,2669817.0,6.0,1.0,Paid
517.0,1490.0,Personal,2408827.0,11.0,8.0,Active
518.0,1137.0,Personal,4061042.0,5.0,2.0,Defaulted
,2282.0,Vehicle,453694.0,,1.0,Active
520.0,1206.0,,3066822.0,13.0,2.0,Active
521.0,,Vehicle,,10.0,5.0,Defaulted
522.0,2508.0,Education,3022435.0,5.0,7.0,Active
,2915.0,Personal,2225658.0,15.0,16.0,Active
524.0,2620.0,,3316254.0,12.0,11.0,Defaulted
525.0,2047.0,Education,3233083.0,13.0,10.0,Paid
526.0,2818.0,,3659102.0,9.0,5.0,Active
527.0,1314.0,Home,4192026.0,9.0,1.0,Paid
528.0,3000.0,Education,2056342.0,8.0,8.0,Defaulted
529.0,2168.0,Vehicle,1938261.0,14.0,2.0,Active
530.0,2579.0,Vehicle,1674375.0,11.0,2.0,Defaulted
531.0,1489.0,Vehicle,105664.0,13.0,1.0,Paid
532.0,,,,13.0,,Active
533.0,1565.0,Education,3340825.0,15.0,4.0,Paid
534.0,,Vehicle,4348404.0,14.0,4.0,Defaulted
535.0,1738.0,Home,4497850.0,8.0,12.0,Paid
536.0,1595.0,Personal,3142997.0,9.0,8.0,Paid
537.0,2493.0,Vehicle,4187183.0,5.0,1.0,Defaulted
538.0,,Home,4062079.0,13.0,11.0,Active
539.0,2669.0,Personal,206978.0,15.0,20.0,Active
540.0,2123.0,Vehicle,2843732.0,11.0,5.0,Defaulted
541.0,2998.0,Vehicle,3303761.0,5.0,3.0,Paid
542.0,1265.0,Home,655400.0,6.0,2.0,Paid
543.0,2304.0,Home,4179456.0,6.0,12.0,Paid
544.0,,Personal,2765785.0,7.0,8.0,Active
545.0,1343.0,Home,2239098.0,,2.0,Paid
546.0,,Personal,846200.0,12.0,13.0,Active
547.0,1286.0,Vehicle,1082335.0,,5.0,Defaulted
548.0,2134.0,Personal,144668.0,12.0,,Paid
549.0,2250.0,Home,4187849.0,,10.0,Active
550.0,,Education,4316709.0,15.0,7.0,Paid
551.0,,Home,1694238.0,7.0,8.0,Paid
552.0,1807.0,Personal,689717.0,,12.0,Defaulted
553.0,1254.0,Personal,4099090.0,13.0,2.0,Paid
554.0,2663.0,Home,722665.0,12.0,16.0,
555.0,2916.0,Education,239056.0,9.0,9.0,Paid
556.0,2969.0,Education,1446727.0,13.0,,Defaulted
,2401.0,Vehicle,3997747.0,11.0,4.0,
558.0,,Vehicle,3699273.0,15.0,2.0,Defaulted
559.0,2539.0,Vehicle,1570147.0,15.0,3.0,Defaulted
560.0,2290.0,Home,1290260.0,6.0,1.0,Active
561.0,1674.0,Vehicle,1156138.0,6.0,5.0,Defaulted
562.0,2050.0,Home,1152581.0,8.0,3.0,Defaulted
563.0,1037.0,,932190.0,10.0,2.0,Active
564.0,1913.0,Vehicle,,14.0,1.0,Paid
565.0,1363.0,Vehicle,1218388.0,13.0,5.0,Paid
566.0,2985.0,Home,3992099.0,10.0,19.0,Active
567.0,2818.0,Education,2603401.0,11.0,8.0,Paid
568.0,2033.0,Education,3927791.0,6.0,5.0,Paid
569.0,1825.0,Personal,3334634.0,5.0,18.0,Paid
570.0,,Home,2350010.0,14.0,7.0,Defaulted
571.0,2809.0,Vehicle,2377550.0,7.0,1.0,Defaulted
572.0,2837.0,Education,4687811.0,14.0,2.0,Paid
573.0,1788.0,Education,626521.0,,9.0,Paid
574.0,2913.0,Education,95783.0,12.0,4.0,Active
575.0,1503.0,Vehicle,1894711.0,12.0,1.0,Defaulted
576.0,2310.0,Personal,858823.0,13.0,9.0,
577.0,1754.0,Vehicle,,13.0,3.0,Active
578.0,1643.0,Education,4488297.0,5.0,8.0,Active
579.0,2929.0,Vehicle,3065151.0,15.0,4.0,Active
580.0,1946.0,Education,4766270.0,,,Defaulted
581.0,,Vehicle,3393841.0,9.0,,Paid
582.0,2117.0,Personal,1037404.0,6.0,11.0,Defaulted
583.0,1190.0,,1701574.0,7.0,9.0,Active
584.0,1064.0,Education,1078938.0,12.0,10.0,Defaulted
585.0,,Vehicle,1910106.0,9.0,4.0,Paid
586.0,,Home,4517919.0,9.0,18.0,Defaulted
587.0,1022.0,,3394091.0,11.0,4.0,Paid
588.0,2409.0,Personal,3772453.0,13.0,1.0,Defaulted
589.0,2687.0,Vehicle,1511600.0,12.0,5.0,Defaulted
590.0,2637.0,Vehicle,4535600.0,12.0,3.0,Defaulted
591.0,1830.0,Education,1263346.0,5.0,,Paid
592.0,1312.0,Education,3979760.0,12.0,8.0,Defaulted
593.0,2373.0,,1587340.0,11.0,5.0,Defaulted
594.0,,Vehicle,2450051.0,,5.0,Active
,,Vehicle,3107401.0,6.0,2.0,Defaulted
596.0,2126.0,Education,3043919.0,9.0,9.0,Defaulted
597.0,1433.0,Vehicle,2717112.0,7.0,1.0,Defaulted
598.0,2415.0,,199477.0,6.0,7.0,Defaulted
599.0,2479.0,Vehicle,787116.0,15.0,4.0,Paid
600.0,1312.0,Personal,2754160.0,8.0,,Paid
601.0,2029.0,Home,4934802.0,11.0,19.0,
602.0,2609.0,Vehicle,1283216.0,11.0,5.0,Defaulted
603.0,1555.0,Home,4670201.0,5.0,14.0,Paid
604.0,2186.0,Vehicle,4647029.0,11.0,2.0,Active
605.0,1221.0,Personal,4415622.0,5.0,10.0,Active
606.0,2314.0,Home,4833919.0,7.0,11.0,
607.0,1439.0,Personal,2527869.0,,,Defaulted
608.0,2536.0,Personal,1467448.0,,3.0,Defaulted
609.0,2793.0,Vehicle,1128649.0,12.0,3.0,Active
610.0,1205.0,Home,2100695.0,8.0,9.0,Active
611.0,1824.0,Home,,14.0,6.0,Defaulted
612.0,2474.0,Vehicle,4231666.0,6.0,5.0,Active
,2822.0,Home,3223844.0,6.0,3.0,Paid
614.0,2215.0,Vehicle,2735764.0,15.0,,Defaulted
615.0,2118.0,Home,315294.0,5.0,7.0,
616.0,2895.0,Vehicle,2374769.0,10.0,1.0,Defaulted
617.0,1333.0,Personal,3312520.0,14.0,4.0,Defaulted
618.0,,Vehicle,3042450.0,9.0,3.0,Active
619.0,2968.0,Home,4435943.0,,2.0,Paid
,2871.0,Education,1441735.0,,5.0,Defaulted
621.0,,Vehicle,2063958.0,5.0,4.0,Defaulted
622.0,2229.0,Vehicle,4177176.0,12.0,3.0,Active
623.0,,Personal,4736369.0,10.0,18.0,Paid
624.0,,Personal,682278.0,10.0,5.0,Active
625.0,1483.0,Personal,2720693.0,14.0,4.0,Active
626.0,2042.0,Education,2289871.0,12.0,8.0,Active
627.0,2264.0,Personal,3365945.0,15.0,18.0,
628.0,1188.0,,2951644.0,11.0,11.0,Active
629.0,2319.0,Education,1616996.0,8.0,9.0,Paid
630.0,2841.0,Vehicle,4981341.0,13.0,4.0,Active
631.0,2685.0,Education,4092375.0,13.0,,Active
632.0,1716.0,Home,748897.0,13.0,14.0,Defaulted
633.0,,,3739455.0,12.0,3.0,Defaulted
634.0,1468.0,Personal,612056.0,12.0,9.0,Paid
635.0,2820.0,Education,2324554.0,11.0,4.0,Defaulted
636.0,2540.0,Education,2080833.0,9.0,7.0,Paid
637.0,2942.0,Personal,215698.0,9.0,19.0,Paid
638.0,1337.0,Personal,416468.0,7.0,7.0,Defaulted
639.0,2217.0,Personal,3227263.0,12.0,,Paid
640.0,1280.0,Education,2470428.0,14.0,6.0,Defaulted
641.0,2753.0,Personal,560850.0,10.0,13.0,Paid
642.0,1789.0,Home,2496040.0,14.0,,
643.0,2884.0,Personal,,,20.0,Active
644.0,1056.0,Home,,12.0,14.0,Defaulted
,1843.0,Personal,,6.0,16.0,
646.0,1182.0,Home,4730643.0,9.0,4.0,Active
647.0,1436.0,,2968299.0,5.0,14.0,Paid
648.0,,Personal,4743571.0,11.0,9.0,
649.0,2795.0,,3882748.0,9.0,,Active
650.0,1638.0,Home,920175.0,6.0,8.0,Defaulted
651.0,1215.0,Personal,4669817.0,6.0,1.0,Active
652.0,1414.0,Vehicle,4861976.0,9.0,2.0,Defaulted
653.0,1569.0,Personal,960003.0,9.0,14.0,Defaulted
654.0,1287.0,Education,4282580.0,12.0,7.0,Paid
655.0,2634.0,Personal,267833.0,8.0,1.0,Paid
656.0,1132.0,Personal,4594961.0,8.0,19.0,Defaulted
657.0,1318.0,Vehicle,132267.0,10.0,3.0,Paid
658.0,1896.0,Personal,,14.0,11.0,Defaulted
659.0,1093.0,Home,3401481.0,9.0,13.0,Paid
660.0,1755.0,,1272054.0,6.0,6.0,
661.0,2043.0,Vehicle,3755774.0,6.0,4.0,Paid
662.0,,Vehicle,4328277.0,8.0,4.0,Paid
663.0,2475.0,Education,,8.0,9.0,Paid
664.0,2557.0,Vehicle,4478110.0,9.0,2.0,
665.0,,Education,715912.0,6.0,4.0,Active
666.0,2840.0,Education,2472708.0,12.0,1.0,Active
667.0,,Education,699500.0,,2.0,Defaulted
668.0,1784.0,Education,3471744.0,5.0,6.0,Defaulted
669.0,1679.0,Education,358498.0,9.0,1.0,Defaulted
670.0,1182.0,Education,4235040.0,5.0,8.0,Active
671.0,1587.0,Education,786701.0,14.0,10.0,
672.0,1504.0,Home,3735238.0,15.0,7.0,Defaulted
673.0,2512.0,Home,837343.0,11.0,4.0,Defaulted
674.0,1449.0,Vehicle,2025908.0,5.0,3.0,Active
675.0,2608.0,Personal,,14.0,20.0,
676.0,,Education,,5.0,3.0,Paid
677.0,1144.0,Personal,2318691.0,11.0,12.0,Paid
678.0,1814.0,Home,3477781.0,13.0,7.0,Active
679.0,1485.0,Vehicle,4481375.0,15.0,1.0,Active
680.0,1295.0,,1703089.0,15.0,9.0,Paid
681.0,2764.0,Vehicle,4362487.0,15.0,2.0,Paid
682.0,1382.0,Education,1153901.0,7.0,7.0,Active
683.0,1854.0,Home,613553.0,14.0,12.0,Active
684.0,2590.0,Home,3399456.0,5.0,,
685.0,2946.0,Education,105843.0,,8.0,Active
686.0,1047.0,Home,,7.0,3.0,Paid
687.0,2264.0,,3557312.0,13.0,9.0,Paid
688.0,1900.0,,4438674.0,12.0,13.0,Active
689.0,1271.0,Home,1205635.0,15.0,6.0,Defaulted
690.0,2314.0,Home,,6.0,4.0,Defaulted
691.0,,Vehicle,364379.0,13.0,3.0,Defaulted
692.0,2368.0,Home,976559.0,11.0,16.0,Active
693.0,,Home,1728501.0,15.0,12.0,Active
694.0,2317.0,Education,266227.0,6.0,2.0,Defaulted
695.0,,Education,1602474.0,13.0,1.0,Paid
696.0,1780.0,Personal,,11.0,7.0,Active
697.0,,Personal,1629392.0,7.0,1.0,Defaulted
698.0,2542.0,Education,4663054.0,9.0,6.0,Defaulted
699.0,2767.0,Education,3434647.0,11.0,,Active
700.0,1544.0,Education,3902036.0,7.0,6.0,Paid
701.0,1222.0,Home,1425191.0,9.0,19.0,Active
702.0,2249.0,Education,3738838.0,6.0,1.0,Paid
,1470.0,Vehicle,4599865.0,10.0,4.0,Active
704.0,2940.0,,4328539.0,15.0,2.0,Defaulted
705.0,1970.0,Personal,2029855.0,,17.0,Paid
706.0,2184.0,Home,785501.0,15.0,4.0,Defaulted
707.0,2753.0,Education,3865924.0,14.0,4.0,Defaulted
,1566.0,Vehicle,,12.0,5.0,Active
709.0,1351.0,Vehicle,1142008.0,12.0,4.0,Defaulted
710.0,1102.0,Vehicle,980229.0,11.0,5.0,Paid
711.0,2685.0,,4404755.0,,9.0,Paid
,1602.0,Vehicle,760458.0,,5.0,
713.0,2952.0,Personal,2502559.0,6.0,14.0,Paid
714.0,1552.0,Home,2117645.0,12.0,1.0,Paid
,2048.0,,2307856.0,15.0,1.0,Active
716.0,2484.0,,1237668.0,7.0,15.0,
717.0,2887.0,Education,2638934.0,12.0,9.0,Active
718.0,1553.0,Education,844080.0,14.0,8.0,Paid
719.0,2702.0,Vehicle,280404.0,8.0,,Defaulted
720.0,2631.0,Vehicle,4255650.0,12.0,5.0,Paid
,1423.0,Personal,567740.0,8.0,6.0,Paid
722.0,1216.0,Home,1949873.0,8.0,17.0,Paid
723.0,2468.0,Home,4002549.0,5.0,8.0,
724.0,2083.0,Personal,,6.0,16.0,Defaulted
725.0,1568.0,Vehicle,4685206.0,10.0,1.0,Active
726.0,2305.0,Education,4477019.0,,7.0,Defaulted
727.0,2363.0,Personal,1370677.0,15.0,5.0,Paid
728.0,1209.0,Home,,7.0,8.0,Active
729.0,2431.0,Home,4918496.0,14.0,8.0,Paid
730.0,,Home,418842.0,15.0,18.0,Active
731.0,2984.0,Personal,3893853.0,9.0,16.0,
732.0,1768.0,,1459691.0,8.0,,Active
733.0,2225.0,Education,569118.0,14.0,8.0,Defaulted
734.0,2170.0,Home,1711645.0,8.0,6.0,Active
735.0,1178.0,Personal,3197009.0,14.0,19.0,Active
736.0,2606.0,Education,4346125.0,5.0,5.0,Paid
737.0,2704.0,Home,2566200.0,13.0,,Paid
738.0,,Personal,2831684.0,9.0,20.0,Active
739.0,2851.0,Home,1798152.0,8.0,19.0,Paid
740.0,1770.0,Home,3934361.0,13.0,1.0,
741.0,2355.0,Personal,78026.0,10.0,9.0,Active
,2981.0,Personal,965107.0,9.0,5.0,Active
743.0,2542.0,Vehicle,1778186.0,14.0,4.0,Defaulted
744.0,2869.0,Education,4002585.0,9.0,9.0,Defaulted
745.0,1297.0,Home,,14.0,2.0,Defaulted
,1399.0,Home,4189604.0,5.0,,
747.0,2723.0,Personal,4666094.0,10.0,11.0,Active
748.0,2006.0,Personal,4836423.0,14.0,14.0,Active
749.0,1202.0,Personal,,12.0,9.0,Defaulted
750.0,2557.0,Education,2835110.0,10.0,,Paid
751.0,1867.0,,999152.0,11.0,3.0,Paid
752.0,1159.0,Education,2555675.0,11.0,,Paid
753.0,,Education,4358075.0,5.0,9.0,Active
754.0,2564.0,Education,4441690.0,6.0,9.0,Defaulted
755.0,2414.0,,3860857.0,12.0,19.0,Active
756.0,1057.0,Vehicle,2798923.0,14.0,4.0,Paid
757.0,2875.0,Personal,2491772.0,15.0,9.0,Defaulted
758.0,1870.0,Personal,,,5.0,Paid
759.0,1778.0,Vehicle,364742.0,11.0,1.0,Defaulted
760.0,1126.0,Home,2474525.0,11.0,5.0,
761.0,1383.0,Education,3559925.0,14.0,10.0,Defaulted
762.0,1734.0,Home,,14.0,18.0,Paid
763.0,2034.0,Personal,242764.0,,12.0,Active
764.0,2714.0,,,15.0,1.0,Defaulted
765.0,1663.0,Vehicle,1982498.0,6.0,5.0,Paid
766.0,1271.0,Personal,2927232.0,15.0,19.0,Defaulted
767.0,1064.0,,2569296.0,12.0,4.0,Paid
768.0,2656.0,Personal,1028914.0,,13.0,Defaulted
769.0,1007.0,Personal,150272.0,14.0,18.0,
770.0,2681.0,Home,4433639.0,5.0,11.0,
771.0,1917.0,Personal,4453063.0,10.0,1.0,Defaulted
772.0,,Vehicle,2684031.0,8.0,1.0,Active
,,Education,2823077.0,6.0,4.0,Defaulted
,1548.0,Home,4851111.0,13.0,10.0,Paid
775.0,1762.0,,2360379.0,11.0,8.0,Active
776.0,2137.0,Vehicle,4857463.0,15.0,2.0,
777.0,2403.0,Personal,666171.0,14.0,20.0,
778.0,1806.0,Personal,1347555.0,10.0,4.0,Active
779.0,,Home,4265487.0,11.0,4.0,Defaulted
780.0,,Vehicle,4933365.0,8.0,3.0,Paid
781.0,1576.0,Vehicle,3823623.0,9.0,2.0,Active
782.0,2242.0,,4025687.0,15.0,11.0,Active
783.0,2892.0,Education,2432253.0,12.0,1.0,Paid
784.0,1237.0,Education,3260605.0,9.0,4.0,Defaulted
785.0,1374.0,Vehicle,1380708.0,,5.0,Defaulted
786.0,2505.0,Personal,,15.0,3.0,
787.0,1526.0,Personal,,11.0,20.0,Defaulted
788.0,2832.0,Personal,2955745.0,12.0,10.0,Defaulted
789.0,2459.0,Vehicle,3832643.0,9.0,2.0,
790.0,1318.0,Education,,5.0,8.0,Paid
791.0,2142.0,Home,3491884.0,12.0,19.0,Active
792.0,1746.0,Vehicle,4838979.0,12.0,2.0,Paid
793.0,2730.0,Personal,2420609.0,,5.0,Paid
794.0,2658.0,Education,2232963.0,8.0,5.0,Paid
795.0,2448.0,Personal,3200481.0,9.0,6.0,Defaulted
796.0,2530.0,,,5.0,12.0,Active
797.0,1183.0,Education,1863693.0,7.0,1.0,Defaulted
798.0,1388.0,Education,1715774.0,14.0,8.0,Paid
799.0,1471.0,Personal,294787.0,13.0,12.0,Paid
800.0,1278.0,Vehicle,4688633.0,7.0,3.0,Defaulted
801.0,1053.0,Personal,1961598.0,7.0,6.0,Active
802.0,2508.0,Education,2278576.0,14.0,9.0,Paid
803.0,2427.0,Home,4172785.0,13.0,1.0,Active
804.0,2389.0,Vehicle,476681.0,,5.0,Paid
805.0,1670.0,,4017207.0,,12.0,Paid
,1694.0,Home,4220660.0,7.0,20.0,Active
807.0,2934.0,Education,1376990.0,10.0,7.0,Active
808.0,2016.0,Home,3731737.0,11.0,8.0,Defaulted
809.0,1453.0,Personal,4046185.0,13.0,14.0,Defaulted
810.0,1473.0,Home,3224649.0,14.0,14.0,Paid
811.0,2290.0,Vehicle,2617600.0,9.0,1.0,
812.0,2865.0,Vehicle,1027852.0,5.0,2.0,Defaulted
813.0,,Vehicle,4116812.0,6.0,1.0,Paid
814.0,2993.0,Personal,4567259.0,11.0,10.0,Active
815.0,1104.0,Home,4914765.0,,1.0,Paid
816.0,1212.0,Education,4821319.0,9.0,4.0,Active
817.0,2422.0,Home,3284949.0,10.0,6.0,Paid
818.0,1312.0,Personal,,13.0,11.0,Defaulted
819.0,2534.0,Personal,350810.0,10.0,12.0,Paid
820.0,2930.0,Home,1215966.0,,14.0,Defaulted
821.0,1180.0,,4446727.0,7.0,2.0,
822.0,2928.0,Vehicle,3667772.0,14.0,1.0,Active
823.0,,Vehicle,2331877.0,12.0,2.0,Active
824.0,,Vehicle,,12.0,1.0,Defaulted
825.0,,Vehicle,3278649.0,6.0,,Active
826.0,1196.0,Home,1831866.0,8.0,11.0,Defaulted
827.0,2964.0,Vehicle,1590521.0,8.0,3.0,Defaulted
,2315.0,,3582310.0,13.0,1.0,Defaulted
829.0,,Home,378097.0,,5.0,Active
830.0,2504.0,Personal,1470270.0,13.0,8.0,Defaulted
831.0,1559.0,Personal,1528095.0,5.0,3.0,Paid
832.0,1016.0,Personal,1209592.0,9.0,20.0,Defaulted
833.0,,Personal,2031647.0,15.0,7.0,Paid
834.0,2236.0,Education,741660.0,7.0,8.0,Active
835.0,1144.0,,4743774.0,12.0,11.0,Active
836.0,2545.0,Education,697089.0,10.0,1.0,Paid
837.0,2160.0,Home,457834.0,10.0,5.0,Paid
838.0,2481.0,Personal,,14.0,11.0,
839.0,2866.0,Vehicle,1254173.0,8.0,1.0,Paid
,2376.0,Vehicle,4250235.0,7.0,2.0,Active
841.0,1939.0,Education,,5.0,8.0,Defaulted
842.0,1180.0,Personal,599263.0,12.0,15.0,Defaulted
843.0,1358.0,,325211.0,10.0,4.0,Paid
844.0,1417.0,Education,3600142.0,6.0,6.0,Paid
,1027.0,Personal,1937801.0,,2.0,Active
846.0,1385.0,Vehicle,4493824.0,,3.0,Active
847.0,2557.0,,553207.0,15.0,12.0,Active
848.0,1090.0,Home,2718180.0,14.0,16.0,Paid
849.0,2934.0,Education,,8.0,7.0,Paid
850.0,,Personal,2043018.0,8.0,15.0,Defaulted
851.0,1468.0,Education,190042.0,15.0,1.0,Active
852.0,2569.0,Education,754039.0,13.0,5.0,Active
853.0,1317.0,Home,3934478.0,,10.0,Active
854.0,2054.0,Education,1230862.0,10.0,2.0,Defaulted
855.0,2728.0,Vehicle,4754296.0,15.0,3.0,Paid
856.0,1196.0,Home,364109.0,7.0,15.0,Paid
857.0,2897.0,Vehicle,157242.0,8.0,2.0,Paid
858.0,1975.0,,,8.0,4.0,Defaulted
859.0,1707.0,Personal,1681249.0,5.0,11.0,Defaulted
,2526.0,Vehicle,3230018.0,7.0,5.0,Paid
861.0,1410.0,Vehicle,3548876.0,12.0,3.0,Defaulted
862.0,1391.0,Personal,3598394.0,5.0,16.0,Paid
863.0,1640.0,Education,,10.0,10.0,
864.0,2487.0,,1769283.0,7.0,5.0,Paid
865.0,1042.0,Education,1074523.0,12.0,5.0,Active
866.0,,Vehicle,2590982.0,5.0,,Paid
867.0,2504.0,Home,,6.0,13.0,Active
868.0,2556.0,Vehicle,4399834.0,9.0,3.0,Active
869.0,1576.0,Education,873795.0,7.0,9.0,Active
870.0,1663.0,Personal,4712338.0,7.0,13.0,Active
871.0,2199.0,Education,4921859.0,10.0,2.0,Paid
872.0,1718.0,Personal,1984946.0,14.0,,Paid
873.0,1985.0,Education,2775893.0,5.0,1.0,Paid
,,Vehicle,,7.0,3.0,Paid
875.0,1336.0,Home,654676.0,,15.0,Paid
876.0,,Personal,4831378.0,8.0,19.0,Active
877.0,1795.0,Home,3777194.0,8.0,9.0,Paid
878.0,2921.0,Home,127962.0,7.0,18.0,Defaulted
879.0,2850.0,Education,4394930.0,13.0,8.0,Active
880.0,1335.0,Personal,2270952.0,6.0,11.0,Active
881.0,2094.0,Vehicle,3980061.0,,5.0,Defaulted
882.0,2017.0,Education,2511803.0,10.0,6.0,
883.0,2129.0,Education,4579898.0,14.0,,Active
884.0,1649.0,Personal,1422649.0,5.0,3.0,Paid
885.0,2001.0,Education,3498113.0,13.0,4.0,
886.0,1422.0,Vehicle,318465.0,5.0,3.0,Active
887.0,2419.0,Education,768572.0,9.0,10.0,Paid
888.0,2743.0,Personal,1536025.0,12.0,9.0,Paid
889.0,2462.0,Vehicle,3111781.0,,,Active
890.0,2209.0,Vehicle,3036401.0,6.0,2.0,Paid
891.0,1607.0,Education,3098843.0,10.0,,Active
892.0,2946.0,Home,1986256.0,6.0,9.0,Defaulted
893.0,2862.0,Education,3432124.0,9.0,7.0,Defaulted
894.0,1036.0,Vehicle,1261156.0,8.0,2.0,Paid
895.0,2683.0,Education,1857874.0,,,Defaulted
896.0,2403.0,Home,411582.0,15.0,12.0,
897.0,2106.0,Personal,4203778.0,14.0,13.0,Defaulted
898.0,2781.0,,2958905.0,12.0,12.0,Active
899.0,1313.0,Home,1852248.0,13.0,11.0,Active
900.0,1653.0,Vehicle,184618.0,11.0,2.0,Active
901.0,,Personal,1528939.0,,5.0,Active
902.0,1275.0,Home,3841257.0,8.0,14.0,Paid
903.0,2067.0,Vehicle,3456378.0,13.0,5.0,Active
,,Personal,3506370.0,5.0,15.0,
905.0,2900.0,Vehicle,75380.0,9.0,2.0,Active
906.0,1576.0,Home,2032259.0,,17.0,Defaulted
907.0,2701.0,Vehicle,2402651.0,7.0,5.0,Active
908.0,1738.0,Personal,,15.0,12.0,Active
909.0,1443.0,Education,3364133.0,5.0,2.0,Paid
910.0,2257.0,Education,3804492.0,10.0,3.0,Active
911.0,1340.0,Home,1051560.0,5.0,10.0,Defaulted
912.0,,Home,,15.0,11.0,Paid
913.0,1034.0,Personal,3509971.0,7.0,,Paid
914.0,1919.0,,4445055.0,14.0,2.0,Paid
915.0,2690.0,Education,2863201.0,8.0,3.0,
916.0,2583.0,Vehicle,1561641.0,6.0,5.0,Paid
917.0,2253.0,Personal,359250.0,6.0,1.0,Defaulted
,1346.0,Home,4256927.0,12.0,9.0,Defaulted
919.0,2031.0,Education,4265174.0,5.0,8.0,Defaulted
920.0,,Vehicle,3877509.0,,1.0,Active
921.0,1886.0,Home,2455028.0,14.0,1.0,Active
922.0,1023.0,Home,715588.0,9.0,,Paid
923.0,2530.0,Home,117042.0,6.0,9.0,Defaulted
924.0,1369.0,Education,96288.0,12.0,,Defaulted
925.0,2445.0,Vehicle,4576543.0,11.0,2.0,Paid
926.0,1346.0,Personal,1686702.0,7.0,14.0,
,1890.0,,783579.0,8.0,3.0,Defaulted
928.0,2345.0,Personal,2006387.0,12.0,3.0,Defaulted
929.0,2013.0,Vehicle,1067175.0,15.0,3.0,Paid
930.0,2584.0,Vehicle,732336.0,7.0,2.0,Active
931.0,2566.0,,2536524.0,12.0,14.0,Defaulted
932.0,,Vehicle,4453850.0,7.0,3.0,Defaulted
933.0,1828.0,Education,2153507.0,11.0,2.0,Active
934.0,1740.0,Home,1531322.0,6.0,1.0,Active
935.0,1236.0,Vehicle,1319340.0,11.0,3.0,Paid
936.0,1709.0,Education,3689780.0,15.0,9.0,Paid
937.0,1371.0,Home,2965136.0,13.0,20.0,Defaulted
938.0,2889.0,,922156.0,7.0,11.0,Paid
939.0,2197.0,Home,4680806.0,8.0,1.0,Active
940.0,1127.0,Home,4495554.0,9.0,5.0,Paid
,2870.0,Home,350588.0,10.0,2.0,Paid
942.0,,Vehicle,,7.0,2.0,Active
943.0,2452.0,Vehicle,437190.0,10.0,3.0,Active
944.0,2997.0,Vehicle,4262082.0,6.0,5.0,
945.0,1564.0,Education,2322772.0,,1.0,Defaulted
946.0,2310.0,Home,1435750.0,5.0,15.0,
947.0,1293.0,Education,4559530.0,7.0,5.0,Defaulted
948.0,1894.0,Personal,3424304.0,,1.0,Defaulted
949.0,1560.0,Personal,1985425.0,5.0,,Paid
,1031.0,Education,1715389.0,14.0,10.0,
951.0,1378.0,Education,838221.0,14.0,7.0,Defaulted
952.0,2284.0,Personal,,10.0,18.0,Defaulted
953.0,2102.0,Personal,2822067.0,13.0,8.0,Defaulted
,,Home,1116948.0,12.0,13.0,Paid
955.0,2210.0,Education,3847081.0,5.0,4.0,Defaulted
956.0,1089.0,Vehicle,256047.0,6.0,2.0,Defaulted
957.0,2339.0,Home,3853061.0,,,Paid
958.0,1167.0,Home,2814483.0,10.0,17.0,Active
959.0,1638.0,Home,,13.0,4.0,
960.0,2788.0,Vehicle,2154922.0,6.0,1.0,Paid
961.0,2440.0,Personal,3994363.0,14.0,14.0,Defaulted
962.0,1910.0,Home,4407708.0,13.0,15.0,Active
963.0,1384.0,Home,3396707.0,14.0,14.0,Defaulted
964.0,2451.0,Vehicle,674587.0,7.0,3.0,Paid
965.0,1547.0,Home,3772134.0,14.0,13.0,Active
966.0,1107.0,,1533727.0,,20.0,Paid
967.0,2752.0,Education,4531489.0,15.0,7.0,Paid
968.0,1992.0,Vehicle,1631619.0,10.0,4.0,Active
969.0,2531.0,Education,3752446.0,,10.0,Paid
970.0,2602.0,Home,589142.0,12.0,1.0,Paid
971.0,1114.0,Vehicle,2120331.0,,5.0,Defaulted
972.0,1667.0,Home,,,13.0,
973.0,1257.0,Personal,686903.0,10.0,17.0,Paid
,1607.0,Personal,3501355.0,9.0,,Paid
975.0,1801.0,Vehicle,3390186.0,9.0,4.0,Paid
976.0,,Home,2665302.0,10.0,5.0,Defaulted
977.0,1736.0,Home,2093040.0,9.0,6.0,Paid
978.0,2543.0,Education,1007481.0,12.0,5.0,Paid
979.0,2712.0,Personal,594941.0,15.0,9.0,Active
,1321.0,Personal,1685978.0,12.0,14.0,Defaulted
981.0,1538.0,Home,1869866.0,15.0,,Defaulted
982.0,2494.0,Personal,,10.0,,Defaulted
983.0,2192.0,Home,2514398.0,14.0,,Defaulted
984.0,1871.0,Home,279827.0,13.0,6.0,Defaulted
,1656.0,Education,3591581.0,10.0,4.0,Paid
986.0,1577.0,,,13.0,17.0,Paid
987.0,1199.0,Education,1720913.0,9.0,,Active
988.0,1434.0,,,6.0,1.0,Active
989.0,1667.0,Education,2493758.0,9.0,9.0,Paid
,,Home,4746616.0,,1.0,Defaulted
991.0,2392.0,,2131158.0,5.0,16.0,Paid
992.0,2569.0,Education,1945671.0,9.0,6.0,Defaulted
993.0,2280.0,Vehicle,3655166.0,10.0,4.0,Active
994.0,2648.0,Vehicle,2111366.0,6.0,4.0,Defaulted
995.0,2807.0,,2257530.0,15.0,5.0,Paid
996.0,1419.0,,3804526.0,5.0,1.0,Active
997.0,1295.0,Personal,2933600.0,14.0,,Paid
998.0,,Home,2201190.0,,7.0,Defaulted
999.0,,Education,4294188.0,14.0,,Active
1000.0,1245.0,Vehicle,1499022.0,8.0,1.0,Paid
1001.0,1195.0,Home,1231909.0,10.0,2.0,Defaulted
1002.0,,Personal,1548573.0,13.0,17.0,Active
1003.0,1319.0,Education,1021230.0,,10.0,Paid
1004.0,2011.0,Home,1005982.0,8.0,18.0,Paid
1005.0,1837.0,Home,1439107.0,10.0,17.0,Active
1006.0,2911.0,Personal,118868.0,,1.0,Defaulted
1007.0,,Home,1314698.0,14.0,4.0,Defaulted
1008.0,1780.0,Personal,1739259.0,10.0,7.0,Defaulted
1009.0,2027.0,,4882572.0,11.0,7.0,Paid
1010.0,2188.0,Education,4786001.0,,,Defaulted
1011.0,1549.0,Vehicle,4556218.0,13.0,2.0,
1012.0,1559.0,Personal,1405553.0,15.0,8.0,
1013.0,2656.0,Vehicle,3122865.0,,5.0,Defaulted
,2106.0,Education,2987001.0,10.0,2.0,Defaulted
1015.0,1497.0,Personal,3933498.0,15.0,3.0,Paid
1016.0,2458.0,Vehicle,4749794.0,12.0,1.0,Defaulted
1017.0,2377.0,Education,,9.0,,Active
1018.0,1949.0,Education,,,9.0,Paid
1019.0,1047.0,Education,,5.0,1.0,
1020.0,1251.0,,3886089.0,12.0,4.0,Active
1021.0,2620.0,Education,518979.0,6.0,2.0,Active
1022.0,2824.0,Home,149913.0,10.0,15.0,Active
1023.0,,,3013897.0,5.0,,Active
1024.0,1490.0,Home,3971647.0,12.0,18.0,Defaulted
1025.0,1222.0,Education,4060378.0,,6.0,Defaulted
1026.0,1694.0,Education,423902.0,14.0,10.0,Active
1027.0,1162.0,Education,2491379.0,10.0,10.0,Defaulted
,2158.0,Education,3842420.0,8.0,8.0,Paid
1029.0,,Vehicle,2399537.0,6.0,3.0,Active
1030.0,1857.0,Education,2626916.0,,2.0,Defaulted
1031.0,,Home,291509.0,5.0,4.0,
1032.0,,Vehicle,2411521.0,9.0,1.0,Defaulted
1033.0,2983.0,Home,3775903.0,15.0,15.0,Defaulted
1034.0,2625.0,Home,2223750.0,14.0,12.0,Active
1035.0,1449.0,Vehicle,4482875.0,9.0,3.0,Defaulted
1036.0,1782.0,Home,1684426.0,14.0,11.0,Paid
1037.0,2322.0,Personal,3906092.0,5.0,1.0,Active
,2012.0,Vehicle,1229348.0,10.0,1.0,Defaulted
1039.0,1028.0,Personal,855065.0,10.0,9.0,Active
1040.0,2180.0,Vehicle,2552179.0,,4.0,Paid
1041.0,1826.0,Vehicle,1648689.0,5.0,,Defaulted
1042.0,1393.0,,2563073.0,5.0,1.0,Active
1043.0,1680.0,Vehicle,606779.0,9.0,1.0,Paid
1044.0,2530.0,Education,4658627.0,11.0,5.0,Active
1045.0,1330.0,Personal,2290755.0,11.0,13.0,Active
1046.0,,Personal,3102780.0,5.0,12.0,Active
1047.0,,Personal,3575217.0,9.0,19.0,Defaulted
1048.0,2490.0,Education,2746200.0,,4.0,Defaulted
1049.0,,Personal,901060.0,14.0,,
1050.0,1652.0,Vehicle,,5.0,3.0,Active
1051.0,2902.0,Home,820959.0,13.0,3.0,Paid
1052.0,1818.0,Personal,3441417.0,7.0,15.0,Paid
1053.0,2137.0,Education,3982015.0,5.0,6.0,Paid
1054.0,,Personal,773782.0,15.0,3.0,Active
1055.0,1917.0,Vehicle,3449410.0,13.0,1.0,Defaulted
1056.0,1836.0,Education,976030.0,15.0,3.0,Paid
1057.0,2982.0,Personal,1664255.0,6.0,7.0,Defaulted
1058.0,1526.0,Home,1839961.0,8.0,18.0,Paid
,2857.0,Education,2037723.0,12.0,2.0,Paid
1060.0,1791.0,Home,1243377.0,13.0,16.0,Active
1061.0,1619.0,Education,3510251.0,14.0,3.0,Paid
1062.0,2826.0,Personal,264833.0,7.0,,Paid
1063.0,,,388712.0,,14.0,Defaulted
1064.0,1215.0,,4389588.0,6.0,3.0,Paid
,1935.0,Home,3487812.0,15.0,13.0,Paid
1066.0,1287.0,Vehicle,1337822.0,12.0,4.0,Active
1067.0,1974.0,Education,1972448.0,8.0,9.0,Defaulted
1068.0,1370.0,Home,1480545.0,7.0,5.0,Paid
1069.0,1685.0,Home,757813.0,8.0,10.0,Active
1070.0,1664.0,Home,3640918.0,11.0,3.0,Paid
1071.0,1500.0,Education,4500874.0,9.0,1.0,Active
1072.0,1661.0,,1668546.0,5.0,,Paid
1073.0,1013.0,Education,110597.0,5.0,5.0,Paid
1074.0,2758.0,Education,332295.0,12.0,3.0,Paid
1075.0,2985.0,Personal,2046494.0,8.0,15.0,Defaulted
1076.0,1378.0,,264821.0,5.0,5.0,Paid
1077.0,1876.0,Personal,1357379.0,13.0,4.0,Active
,1954.0,Personal,1872471.0,6.0,,Defaulted
1079.0,1661.0,Education,455196.0,10.0,,Paid
1080.0,1438.0,Vehicle,4563868.0,,1.0,Active
1081.0,1401.0,Vehicle,3332500.0,,,Active
,1609.0,Education,944691.0,,1.0,Defaulted
1083.0,2460.0,Home,4913144.0,8.0,13.0,Defaulted
1084.0,2615.0,Home,422656.0,14.0,7.0,Defaulted
1085.0,2969.0,Vehicle,524179.0,7.0,2.0,Paid
1086.0,2249.0,Vehicle,1576584.0,15.0,1.0,Defaulted
1087.0,2023.0,Personal,2160709.0,13.0,12.0,Active
1088.0,1528.0,Home,231099.0,7.0,14.0,Active
1089.0,2755.0,,2287323.0,14.0,5.0,Paid
1090.0,1255.0,Personal,4641513.0,9.0,18.0,Defaulted
1091.0,2092.0,Vehicle,2613031.0,13.0,1.0,Defaulted
1092.0,,Education,3776031.0,12.0,1.0,Active
1093.0,1619.0,Home,993701.0,5.0,16.0,Active
1094.0,,Home,4637022.0,14.0,2.0,Paid
1095.0,2998.0,Personal,60420.0,13.0,5.0,Defaulted
1096.0,1489.0,Vehicle,4613967.0,9.0,,Paid
1097.0,2695.0,Home,1353100.0,15.0,13.0,Paid
1098.0,2121.0,Vehicle,3416180.0,7.0,,Paid
1099.0,2512.0,Vehicle,4176374.0,7.0,2.0,Defaulted
1100.0,1569.0,Education,,12.0,6.0,Defaulted
1101.0,1035.0,Vehicle,241472.0,13.0,1.0,Paid
1102.0,2932.0,Vehicle,,9.0,1.0,
1103.0,2640.0,Vehicle,216940.0,12.0,4.0,Defaulted
1104.0,1324.0,Home,,7.0,20.0,Paid
1105.0,1073.0,Personal,,13.0,2.0,
1106.0,1490.0,Home,,5.0,20.0,Active
1107.0,2592.0,Personal,1871445.0,9.0,15.0,Paid
1108.0,,Home,,6.0,3.0,Active
1109.0,1019.0,Education,4475693.0,13.0,1.0,
1110.0,2382.0,Personal,3862776.0,10.0,14.0,Defaulted
1111.0,,Personal,1823402.0,13.0,10.0,Defaulted
1112.0,1595.0,Vehicle,591693.0,11.0,5.0,Defaulted
1113.0,2572.0,Home,3866123.0,11.0,16.0,Paid
1114.0,1387.0,Personal,1318347.0,12.0,17.0,Defaulted
,1385.0,Personal,,7.0,,Defaulted
1116.0,,Home,1328766.0,11.0,2.0,Active
1117.0,,Personal,2040587.0,5.0,6.0,Defaulted
1118.0,2485.0,Personal,3412349.0,9.0,16.0,Paid
1119.0,2429.0,Education,3116972.0,10.0,1.0,
1120.0,2832.0,Personal,2261915.0,13.0,2.0,Paid
1121.0,2927.0,Personal,1597309.0,8.0,10.0,Active
1122.0,1015.0,Vehicle,348409.0,,1.0,
1123.0,1076.0,Home,,,6.0,Paid
,1502.0,Education,2043487.0,,,Defaulted
1125.0,2391.0,Education,4009142.0,5.0,2.0,Defaulted
1126.0,2727.0,Personal,2438047.0,11.0,15.0,Defaulted
1127.0,2213.0,Personal,2836597.0,,13.0,Paid
1128.0,2861.0,,1061529.0,15.0,12.0,
1129.0,1826.0,Education,882803.0,10.0,6.0,Active
1130.0,1926.0,Home,4609067.0,7.0,14.0,Defaulted
1131.0,2808.0,Vehicle,2505323.0,11.0,3.0,Defaulted
1132.0,2217.0,Vehicle,4025532.0,12.0,5.0,Active
1133.0,1668.0,,,5.0,2.0,Active
1134.0,1964.0,,4255565.0,7.0,2.0,Defaulted
1135.0,1933.0,Education,2009825.0,11.0,8.0,Defaulted
1136.0,2229.0,Education,2687766.0,5.0,1.0,Active
1137.0,,Vehicle,3647582.0,11.0,5.0,Paid
1138.0,2812.0,Personal,2993969.0,8.0,,
1139.0,1613.0,Vehicle,4816626.0,13.0,5.0,Paid
1140.0,2227.0,Education,3123046.0,11.0,3.0,Defaulted
1141.0,1760.0,Personal,2337308.0,13.0,1.0,Defaulted
1142.0,1975.0,Vehicle,1411207.0,8.0,5.0,Defaulted
1143.0,2645.0,Vehicle,3544834.0,,3.0,Paid
1144.0,1484.0,Education,1288379.0,12.0,8.0,Paid
1145.0,2568.0,Personal,3788371.0,10.0,6.0,Paid
1146.0,1725.0,Home,362396.0,,19.0,Paid
1147.0,2377.0,Personal,,8.0,15.0,Defaulted
1148.0,1196.0,Home,,9.0,19.0,Active
1149.0,1674.0,Personal,3832679.0,8.0,12.0,
1150.0,1516.0,,1297350.0,14.0,7.0,Defaulted
1151.0,2545.0,Vehicle,1615527.0,,3.0,Active
1152.0,,Education,3281459.0,14.0,6.0,Paid
1153.0,2338.0,Vehicle,4777494.0,8.0,1.0,Active
1154.0,1151.0,Education,328221.0,9.0,1.0,Defaulted
1155.0,2968.0,Vehicle,3180085.0,6.0,4.0,Active
1156.0,1081.0,Vehicle,4234124.0,14.0,3.0,Paid
1157.0,2200.0,Home,2276242.0,8.0,15.0,
,2686.0,Home,4690777.0,10.0,,Active
1159.0,2460.0,Personal,3068066.0,13.0,14.0,
1160.0,1919.0,Vehicle,,6.0,5.0,Defaulted
1161.0,1184.0,Vehicle,2151467.0,13.0,3.0,Defaulted
,1152.0,Vehicle,4972066.0,6.0,1.0,Defaulted
1163.0,1118.0,Vehicle,3720630.0,5.0,2.0,Paid
1164.0,2782.0,Education,972086.0,12.0,6.0,Defaulted
1165.0,2106.0,Home,4369081.0,10.0,2.0,Active
1166.0,2067.0,Home,3100209.0,10.0,,Paid
,2553.0,,2995841.0,10.0,3.0,Defaulted
1168.0,2650.0,Education,134305.0,6.0,10.0,Paid
1169.0,2469.0,Vehicle,3757035.0,6.0,1.0,Paid
1170.0,2721.0,Education,2554287.0,8.0,8.0,Paid
1171.0,1509.0,Home,2664462.0,,6.0,Paid
1172.0,2379.0,Vehicle,2761442.0,13.0,4.0,
1173.0,1958.0,Vehicle,878743.0,8.0,5.0,Defaulted
,2707.0,,2993440.0,7.0,11.0,Paid
1175.0,,Home,2230935.0,12.0,19.0,Defaulted
1176.0,1727.0,Education,3291639.0,12.0,2.0,Paid
1177.0,,Education,4243732.0,8.0,8.0,Active
1178.0,1851.0,,,10.0,3.0,Active
1179.0,1534.0,Personal,3433564.0,7.0,1.0,
1180.0,,Education,2601493.0,11.0,10.0,Defaulted
,1467.0,Personal,2419852.0,5.0,5.0,Active
,1606.0,Personal,,9.0,13.0,
1183.0,2499.0,,4443635.0,9.0,1.0,Active
1184.0,1402.0,Education,4513687.0,9.0,5.0,Paid
1185.0,,Education,4132699.0,7.0,,Active
1186.0,1955.0,Vehicle,4017642.0,6.0,2.0,Paid
1187.0,2489.0,Education,920975.0,15.0,3.0,Active
1188.0,,Home,3393261.0,8.0,4.0,Defaulted
1189.0,2978.0,Education,108959.0,11.0,8.0,Defaulted
1190.0,1942.0,Education,4253238.0,8.0,3.0,Defaulted
1191.0,2967.0,Home,2596627.0,7.0,4.0,Paid
1192.0,1796.0,Vehicle,3682453.0,15.0,3.0,Paid
1193.0,2678.0,Education,2985726.0,8.0,5.0,
1194.0,,Vehicle,2700762.0,6.0,5.0,Active
1195.0,1778.0,Personal,3277626.0,8.0,14.0,Defaulted
1196.0,2664.0,Vehicle,,14.0,4.0,Defaulted
1197.0,1854.0,Personal,236615.0,6.0,13.0,Active
1198.0,1513.0,Personal,,14.0,8.0,Defaulted
1199.0,1556.0,Vehicle,97686.0,12.0,5.0,Defaulted
1200.0,2475.0,Personal,957189.0,14.0,2.0,Paid
1127.0,2213.0,Personal,2836597.0,,13.0,Paid
861.0,1410.0,Vehicle,3548876.0,12.0,3.0,Defaulted
1131.0,2808.0,Vehicle,2505323.0,11.0,3.0,Defaulted
1096.0,1489.0,Vehicle,4613967.0,9.0,,Paid
1045.0,1330.0,Personal,2290755.0,11.0,13.0,Active
122.0,1452.0,Personal,,8.0,18.0,Active
467.0,1654.0,,3826397.0,6.0,8.0,Defaulted
331.0,2979.0,Home,,8.0,17.0,Defaulted
88.0,2612.0,Education,,5.0,,Active
,1502.0,Education,2043487.0,,,Defaulted
872.0,1718.0,Personal,1984946.0,14.0,,Paid
131.0,2834.0,Home,,11.0,3.0,Active
770.0,2681.0,Home,4433639.0,5.0,11.0,
344.0,2964.0,Vehicle,2788266.0,5.0,4.0,Paid
,1694.0,Home,4220660.0,7.0,20.0,Active
,1203.0,Education,2358207.0,11.0,6.0,Paid
956.0,1089.0,Vehicle,256047.0,6.0,2.0,Defaulted
277.0,1760.0,Education,1746701.0,8.0,5.0,Defaulted
1185.0,,Education,4132699.0,7.0,,Active
460.0,2730.0,Education,,14.0,2.0,Paid
,1117.0,Home,4408584.0,9.0,15.0,Defaulted
253.0,,,3596774.0,12.0,1.0,Active
748.0,2006.0,Personal,4836423.0,14.0,14.0,Active
857.0,2897.0,Vehicle,157242.0,8.0,2.0,Paid
475.0,1987.0,Education,2445850.0,6.0,,Defaulted
1083.0,2460.0,Home,4913144.0,8.0,13.0,Defaulted
,1618.0,Personal,445685.0,,14.0,Paid
700.0,1544.0,Education,3902036.0,7.0,6.0,Paid
976.0,,Home,2665302.0,10.0,5.0,Defaulted
190.0,2330.0,Personal,470069.0,14.0,2.0,Defaulted
,,,,,,
,,,,,,
,,,,,,
,,,,,,
,,,,,,
,,,,,,
,,,,,,
,,,,,,
,,,,,,
,,,,,,
,,,,,,
,,,,,,
,,,,,,
,,,,,,
,,,,,,
,,,,,,
,,,,,,
,,,,,,
,,,,,,
,,,,,,
,,,,,,
,,,,,,
,,,,,,
,,,,,,
